id_lk;nama;slug;wilayah_upt;alamat;provinsi;kota_kab;kelurahan;kecamatan;kode_pos;bentuk_lk;legalitas_perizinan;tahun_izin;link_sk;nilai_akreditasi;tahun_akreditasi;nomor_tanggal_surat;pengelola;nama_pimpinan;izin_perolehan_tsl;pks_dengan_lk_lain
1;TMII (Taman Mini Indonesia Indah);tmii_(taman_mini_indonesia_indah);DKI Jakarta;Jalan Raya Taman Mini, Kelurahan Ceger, Kecamatan Cipayung, Jakarta Timur, DKI Jakarta;DKI Jakarta;Kota Jakarta Timur;Ceger;Cipayung;13820;Taman Satwa;Keputusan Menteri Kehutanan No.172/Kpts-II/2001 jo No.229/Kpts-II/2010 tanggal 15 April 2010;2001;https://drive.google.com/file/d/1-7tHZi2R0HiU3-QH5U56vXqZEDg6u6lB/view?usp=drive_link;B;2012;;Swasta;;;
2;BLUD Taman Margasatwa Ragunan;blud_taman_margasatwa_ragunan;DKI Jakarta;Jalan Harsono RM No.1, Ragunan, Ps. Minggu, Jakarta Selatan;DKI Jakarta;Kota Jakarta Selatan;Ragunan;Pasar Minggu;12550;Kebun Binatang;Keputusan Menteri Kehutanan No.253/Menhut-II/2007 tanggal 6 Agustus 2007;2007;https://drive.google.com/file/d/1-B6oXHsPNkSsOVxDUCSQVyi7laqJ65ge/view?usp=drive_link;B;2011;;Pemda;Drh. Endah Rumiyati, M.Si;Keputusan Direktur Jenderal KSDAE Nomor SK.202/KSDAE/SET.3/KSA.2/11/2022 tentang Persetujuan Perolehan Satwa Liar Untuk Lembaga Konservasi Kepada Taman Margasatwa Ragunan di provinsi Daerah Khusus Ibukota Jakarta;1. Nota Kesepahaman Antara Unit Pengelola Taman Margasatwa Ragunan dengan Lembaga Konservasi PT. Galatta Lestarindo Nomor 236/-1.854 dan Nomor 125/GL/M/II/2021 tanggal 22 Februari 2021 2. Perjanjian Kerja Sama Antara Taman Margasatwa Ragunan dengan Lembaga Konservasi PT. Galatta Lestarindo Nomor 237/-1.854 dan Nomor 126/GL/M/II/2021 tanggal 22 Februari 2021 Mengenai Hibah Satwa
3;CV. Alam Raya Pancur Aji;cv._alam_raya_pancur_aji;Kalimantan Barat;Liku (Munggu' Setapang Pancur Aji) Kelurahan Beringin, Kecamatan Kapuas, Kabupaten Sanggau, Provinsi Kalimantan Barat;Kalimantan Barat;Kabupaten Sanggau;Beringin;Kapuas;78512;Kebun Binatang;Keputusan Menteri Kehutanan No.449/Menhut-II/2004 tanggal 11 November 2004 Jo No.498/Menhut-II/2005 tanggal 21 Desember 2005;2004;https://drive.google.com/file/d/1-HVpFK-8EGafnTPofqxbYBWlUNTCyLMH/view?usp=drive_link;;;;Swasta;;;
4;CV. Andys Antique (Taman Satwa Cikembulan);cv._andys_antique_(taman_satwa_cikembulan);Jawa Barat;Kp. Jati Desa Cikembulan Kec. Kadungora - Garut;Jawa Barat;Kabupaten Garut;Cikembulan;Kadungora;44153;Taman Satwa;Keputusan Menteri Kehutanan No.105/Menhut-IV/2009 tanggal 16 Maret 2009;2009;https://drive.google.com/file/d/1-JQIAHy_vo8VwMU58fu-EPYVORpm1lDw/view?usp=drive_link;C;2013;;Swasta;;;
5;CV. Bali Harmoni (Bali Zoo);cv._bali_harmoni_(bali_zoo);Bali;Jl. Raya Singapadu, Br. Apuan Kel. Singapadu, Kec. Sukawati Kabupaten Gianyar, Bali, 80582 Indonesia;Bali;Kabupaten Gianyar;Singapadu;Sukawati;80582;Taman Satwa;Keputusan Menteri Kehutanan No.68/Kpts-II/2001 tanggal 15 Maret 2001;2001;https://drive.google.com/file/d/1-MC6ifOhiUaGjauvU1Ktku4IXBoHpz8-/view?usp=drive_link;A;2023;S.1412/KSDAE/KKHSG/KSA.2/12/2024 tanggal 27 Desember 2023;Swasta;;;
6;CV. Bali Shell Museum;cv._bali_shell_museum;Bali;Sunset Road, 80361 Kuta Bali;Bali;Kabupaten Badung;Kuta;Kuta;80361;Museum Zoologi;Keputusan Menteri Kehutanan No.630/Menhut-II/2010 tanggal 11 Nopember 2010;2010;https://drive.google.com/file/d/1-NHQZfgZxFK-jwjadc_QHGi8TG5r1OD-/view?usp=drive_link;;;;Swasta;;;
7;CV. Barumun Nagari;cv._barumun_nagari;Sumatera Utara;Jalan WR Supratman Belakang No.51 Padangsidimpuan Kota Sidempuan Sumatera Utara;Sumatera Utara;Kota Padangsidimpuan;Wek II;Padangsidimpuan Utara;22718;Taman Satwa Khusus;Keputusan Menteri LHK 440/Menlhk/Setjen/KSA.2/7/2019 tanggal 10 Juli 2019;2019;https://drive.google.com/file/d/1CVXy7A_jMPz5N5i-TtgrjMU9Wq45TYiu/view?usp=drive_link;;;;Swasta;;;
8;CV. Capital  Wildlife Research and Breeding Center;cv._capital__wildlife_research_and_breeding_center;Sumatera Utara;Jalan Letjen Djamin Ginting Km.45 Sibolangit Kab. Deli Serdang Sumatera Utara;Sumatera Utara;Kabupaten Deli Serdang;Suka Makmur;Sibolangit;20357;Taman Satwa;Keputusan Menteri LHK No.427/Menlhk/Setjen/KSA.2/7/2019 tanggal 8 Juli 2019;2019;https://drive.google.com/file/d/11bm--J-4-4o5VvWs8cjd44XS81heG7VE/view?usp=drive_link;;;;Swasta;;;
9;CV. Citra Pesona Ladangku;cv._citra_pesona_ladangku;Sumatera Utara;Desa Durin Tonggal Kec. Pancur Batu Kab. Deli Serdang Sumatera Utara;Sumatera Utara;Kabupaten Deli Serdang;Dorin Tonggal;Pancur Batu;20353;Taman satwa;Keputusan Menteri Kehutanan No.235/Menhut-II/2012 tanggal 10 Mei 2012;2012;https://drive.google.com/file/d/1-SuC54-o2WT54KnDqrqj22iZQjzh03G-/view?usp=drive_link;;;;Swasta;;;
10;CV. Citra Satwa Celebes (Bontomarumu Education Park);cv._citra_satwa_celebes_(bontomarumu_education_park);Sulawesi Selatan;Desa Sokkolia, Kecamatan Bontomarannu, Kabupaten Gowa, Provinsi Sulawesi Selatan;Sulawesi Selatan;Kabupaten Gowa;Sokkolia;Bontomarannu;92171;Taman satwa;Keputusan Kepala BKPM No.1/1/ILK/PMDN/2016 tanggal 24 Juni 2016;2016;https://drive.google.com/file/d/13O0H2gVBVGWAZRBR6BPVu7GqrzkcVWov/view?usp=drive_link;;;;Swasta;;;
11;CV. Gunung Kekewang;cv._gunung_kekewang;Sulawesi Utara;Desa Tetey, Kecamatan Dimembe, Kabupaten Minahasa Utara, Provinsi Sulawesi Utara;Sulawesi Utara;Kabupaten Minahasa Utara;Tetey;Dimembe;95373;Taman satwa;Keputusan Kepala BKPM No.2/1/ILK/PMDN/2018 tanggal 23 Mei 2018;2018;https://drive.google.com/file/d/1-5QPdlOrqwresFYzwgdtto6gIsXF8Fuv/view?usp=drive_link;;;;Swasta;;;
12;CV. Gurun Putih Lestari;cv._gurun_putih_lestari;Aceh ;Jl. Jantho-Lamno Gampong Cucum Kecamatan Kota Jantho Kab. Aceh Besar;Aceh ;Kabupaten Aceh Besar;Cucum;Kota Jantho;23918;Taman Safari;Keputusan Menteri LHK No.10/Menlhk/Setjen/KSA.2/1/2020 tanggal 6 Januari 2020;2020;https://drive.google.com/file/d/13szXF9J6pnyYWv21AoKpNN6S_4VyCkq_/view?usp=drive_link;;;;Swasta;;;
13;CV. Karisma (Tandu Rusa);cv._karisma_(tandu_rusa);Sulawesi Utara;Kelurahan Aertembaga, Bitung Timur, Bitung, Sulawesi Utara;Sulawesi Utara;Kota Bitung;Aertembaga;Bitung Timur;95526;Taman Satwa;Keputusan Menteri Kehutanan No.287/Menhut-II/2007 tanggal 23 Agustus 2007;2007;https://drive.google.com/file/d/1Bmdy3wpQ72Tgrog0Zd6Q_ufP5lbP-r2i/view?usp=drive_link;;;;Swasta;;;
14;CV. Melka Satwa;cv._melka_satwa;Bali;Desa Kalibukbuk, Kec. Singaraja, Kab. Buleleng;Bali;Kabupaten Buleleng;Kalibukbuk;Buleleng;81119;Taman Satwa;Keputusan Menteri Kehutanan No.447/Kpts-II/2003 tanggal 31 Desember 2003 jo No.655/Menhut-II/2010 tanggal 22 November 2010;2003;https://drive.google.com/file/d/1-WIe61v5tjGLBk4TorYh1lark89F_tpS/view?usp=drive_link;C;2014;;Swasta;;;
15;CV. Mirah Fantasia;cv._mirah_fantasia;Jawa Timur ;Jl Karimun Jawa RT 001/02, Kampung Mandar, Banyuwangi;Jawa Timur ;Kabupaten Banyuwangi;Kampung Mandar;Banyuwangi;68419;Taman Satwa;Keputusan Menteri Kehutanan No.696/Menhut-II/2010 tanggal 16 Desember 2010;2010;https://drive.google.com/file/d/1-XlbiZ3aYtJh1P7QVhjmOxhUrlmnaBI5/view?usp=drive_link;;;;Swasta;;;
16;CV. Satwa Lestari Jaya;cv._satwa_lestari_jaya;Kalimantan Timur;Jalan Mulawarman RT 29, Kelurahan Tritip, Kota Balikpapan, Provinsi Kalimantan Timur;Kalimantan Timur;Kota Balikpapan;Teritip;Balikpapan Timur;76118;Taman Satwa;Keputusan Kepala BKPM a.n Menteri LHK No.10/1/KLHK/2020 tanggal 16 Maret 2020;2020;https://drive.google.com/file/d/1Cht874rQ5E2wiiDT_CrzLrXlmhljWUUK/view?usp=drive_link;D;2023;S.1407/KSDAE/KKHSG/KSA.2/12/2024 tanggal 27 Desember 2023;Swasta;;;
17;CV. Sinka Island Park;cv._sinka_island_park;Kalimantan Barat;Jalan Malindo Teluk Karang Sedau, Kecamatan Singkawang Selatan, Kota Singkawang, Provinsi Kalimantan Barat;Kalimantan Barat;Kota Singkawang;Sedau;Singkawang Selatan;79163;Taman Satwa;Keputusan Menteri Kehutanan No.441/Menhut-IV/2007 tanggal 12 Desember 2007;2007;https://drive.google.com/file/d/1-rIUVCUzdpJ_mRzMBcSs-udCRh1FL3Mw/view?usp=drive_link;Pre-assessment;2013;;Swasta;;;
18;CV. Taman Rusa;cv._taman_rusa;Aceh ;Jalan Rusa Gampong Lamtanjong, Kecamatan Sukamakmur, Kab. Aceh Besar;Aceh ;Kabupaten Aceh Besar;Lam Tanjong;Sukamakmur;23361;Taman satwa;Keputusan Kepala BKPM No.2/1/ILK/PMDN/2017 tanggal 10 Maret 2017;2017;https://drive.google.com/file/d/13V30b-bsARz-5oTBsaN88LIbRcG5Rzlz/view?usp=drive_link;;;;Swasta;;;
19;Dinas Kebudayaan dan Pariwisata Bukittinggi (Taman Margasatwa dan Budaya Kinantan Bukittinggi);dinas_kebudayaan_dan_pariwisata_bukittinggi_(taman_margasatwa_dan_budaya_kinantan_bukittinggi);Sumatera Barat;Jalan Cindua Mato, Kota Bukittinggi, Provinsi Sumatera Barat - 26113;Sumatera Barat;Kota Bukittinggi;Benteng Pasar Atas;Guguk Panjang;26113;Kebun Binatang;Keputusan Menteri Kehutanan No.233/Menhut-II/2007 tanggal 2 Juli 2007;2007;https://drive.google.com/file/d/105toTsPu9MH81qsvNBmss4T7uDov6i45/view?usp=drive_link;Pre- assessment;2013;;Pemda;;;
20;Dinas Kebudayaan dan Pariwisata Kabupaten Banjarnegara (Taman Rekreasi dan Marga Satwa Serulingmas);dinas_kebudayaan_dan_pariwisata_kabupaten_banjarnegara_(taman_rekreasi_dan_marga_satwa_serulingmas);Jawa Tengah;Jl. Selamanik, Kelurahan Kota Banjarnegara, Kecamatan Banjarnegara, Kabupaten Tingkat II Banjarnegara, Provinsi Jawa Tengah;Jawa Tengah;Kabupaten Banjarnegara;Kutabanjarnegara;Banjarnegara;53418;Kebun Binatang;Keputusan Menteri Kehutanan dan Perkebunan No.241/Kpts-II/1999 tanggal 19 September 1999;1999;https://drive.google.com/file/d/108B44dq_myMWoTnjB6KvJkxQMEQx0Ltl/view?usp=drive_link;;;;Swasta;;;
21;Jakarta Aquarium Indonesia;jakarta_aquarium_indonesia;DKI Jakarta;Gedung Neo Soho Lantai LG 101 dan LGM 101, Jalan Letjen S. Parman KAV. 28, Kelurahan Tanjung Duren Selatan, Kecamatan Grogol, Petamburan, Jakarta Barat;DKI Jakarta;Kota Jakarta Barat;Tanjung Duren Selatan;Grogol Petamburan;11470;Taman satwa;Kepala BKPM No.3/1/ILK/PMDN/2017 tanggal 3 April 2017;2017;https://drive.google.com/file/d/109CcimLEAHCtVGDldzlyb0r9i0-dpuIJ/view?usp=drive_link;A;2019;2019;Swasta;;;
22;Kantor Kebudayaan dan Pariwisata Bengkalis (Kebun Binatang Bengkalis);kantor_kebudayaan_dan_pariwisata_bengkalis_(kebun_binatang_bengkalis);Riau;Desa Pantai Indah, Selat Baru, Kec. Bantan Kab. Bengkalis, Prop. Riau;Riau;Kabupaten Bengkalis;Selat Baru;Bantan;28763;Taman Satwa;Keputsan Menteri Kehutanan No.699/enhut-II/2009 tanggal 19 Oktober 2009;2009;https://drive.google.com/file/d/10ALoefvyIp538gDQahx7FsehNDwZ1RPa/view?usp=drive_link;;;;Pemda;;;
23;Kebun Raya dan Kebun Binatang Gembira Loka;kebun_raya_dan_kebun_binatang_gembira_loka;Daerah Istimewa Yogyakarta;Jalan Kebun Raya No.2, Yogyakarta;Daerah Istimewa Yogyakarta;Kota Yogyakarta;Rejowinangun;Kotagede;55171;Kebun Binatang;Keputusan Menteri Kehutanan No.393/Menhut-II/2006 tanggal 6 Agustus 2006;2006;https://drive.google.com/file/d/10CoB4648zFKtVlAE7aO78g5xoTn5kAJd/view?usp=drive_link;A ;2022;S.1506/KSDAE/KKHSG/KSA.2/12/2022 tanggal 30 Desember 2022;Swasta;K.M.T. Tirtodiprojo;;
24;Koperasi Dinas Peternakan dan Kesehatan Hewan Provinsi Jambi (Taman Rimbo Jambi);koperasi_dinas_peternakan_dan_kesehatan_hewan_provinsi_jambi_(taman_rimbo_jambi);Jambi;Jl. Kibajuri RT.02 No.94 Kel. Talang Bakung, Kec. Paal Merah, Kota Jambi, Jambi;Jambi;Kota Jambi;Talang Bakung;Paal Merah;36139;Taman satwa;Keputusan Kepala BKPM No.2/1/ILK/PMDN/2016 tanggal 24 Juni 2016;2016;https://drive.google.com/file/d/13IT7ZwKLgS3UbJ7XBb1gtLEe_4YZ1ioD/view?usp=drive_link;;;;Pemda;;;
25;Koperasi Bina Satwa Sejahtera Wonogiri (Waduk Gajahmungkur);koperasi_bina_satwa_sejahtera_wonogiri_(waduk_gajahmungkur);Jawa Tengah;Jl. Raya Wonogiri-Wuryantoro Km.5 Sendang Kab.Wonogiri;Jawa Tengah;Kabupaten Wonogiri;Sendang;Wonogiri;57615;Taman satwa;Keputusan Kepala BKPM No.1/1/ILK/PMDN/2016 tanggal 22 Juli 2016;2016;https://drive.google.com/file/d/13N5MrZASIDU5sdWu8csRPJa1SeEea_T4/view?usp=drive_link;;;;Pemda;;;
26;Koperasi Karyawan PT. Taman Wisata Candi Borobudur, Prambanan & Ratu Boko (Taman Satwa Borobudur);koperasi_karyawan_pt._taman_wisata_candi_borobudur,_prambanan_&_ratu_boko_(taman_satwa_borobudur);Jawa Tengah;Jl. Badrawati, Borobudur Magelang Telp. (0293) 788266;Jawa Tengah;Kabupaten Magelang;Borobudur;Borobudur;56553;Taman satwa;Keputusan Kepala BKPM No.1/1/ILK/PMDN/2017 tanggal 30 Januari 2017;2017;https://drive.google.com/file/d/13V33eOfAG1ZSFXBV754GMQYjIr09CXt7/view?usp=drive_link;;;;Pemda;;;
27;PD Taman Satwa Taru Jurug Surakarta (Solo Safari);pd_taman_satwa_taru_jurug_surakarta_(solo_safari);Jawa Tengah;Kelurahan Jebres, Kecamatan Jebres, Kota Surakarta, Provinsi Jawa Tengah;Jawa Tengah;Kota Surakarta;Jebres;Jebres;57126;Taman Satwa;Keputusan Menteri Kehutanan No.116/Menhut-II/2012 tanggal 23 Februari 2012;2012;https://drive.google.com/file/d/10F8tRiFtOAHJLZ9GN_60Hg2NXxk21kuH/view?usp=drive_link;;;;Pemda;Bimo Wahyu Widodo Dasir Santoso, S.P, M.Si;;
28;PD. Obyek Wisata Umbul Madiun;pd._obyek_wisata_umbul_madiun;Jawa Timur ;Desa Glonggong, Kecamatan Dolopo;Jawa Timur ;Kabupaten Madiun;Glonggong;Dolopo;63174;Taman Satwa;Keputusan Menteri LHK No.817/Menlhk/Setjen/KSA.2/10/2019 tanggal 17 Oktober 2019;2019;https://drive.google.com/file/d/1XqfH7TcDTXmi4sn89bZ5orRLgzdWJd84/view?usp=drive_link;D;2023;S.1408/KSDAE/KKHSG/KSA.2/12/2024 tanggal 27 Desember 2023;Pemda;;;
29;PD. Pembangunan Kota Medan (Medan Zoo);pd._pembangunan_kota_medan_(medan_zoo);Sumatera Utara;Jalan Bunga Rampai IV No.100 Kel. Simalingkar B Kec. Medan Tuntungan Kota Medan Sumatera Utara;Sumatera Utara;Kota Medan;Simalingkar B;Medan Tuntungan;20135;Taman Satwa;Keputusan Menteri Kehutanan No.124/Menhut-II/2010 tanggal 18 Maret 2010;2010;https://drive.google.com/file/d/10QHdGkmWZ_rz3b9TPIGNfTLhCnHwFswU/view?usp=drive_link;C;2012;;Pemda;;;
30;PDTS. Kebun Binatang Surabaya;pdts._kebun_binatang_surabaya;Jawa Timur ;Jl. Setail No.1, Darmo, Wonokromo, Kota SBY, Jawa Timur 60241;Jawa Timur ;Kota Surabaya;Darmo;Wonokromo;60241;Kebun Binatang;Keputusan Menteri LHK No.340/Menlhk/Setjen/KSA.2/5/2019 tanggal 14 Mei 2019;2019;https://drive.google.com/file/d/14WVvdgyLd4ni__Gdoa0SFSf0RrLA3LVs/view?usp=drive_link;B ;2022;S.1507/KSDAE/KKHSG/KSA.2/12/2022 tanggal 30 Desember 2022;Pemda;;;
31;PT. Anugrah Alam Esa;pt._anugrah_alam_esa;Sumatera Utara;Kab. Deli Serdang Sumatera Utara;Sumatera Utara;Kabupaten Deli Serdang;;;;Taman Satwa;Keputusan Menteri LHK No.406/Menlhk/Setjen/KSA.2/6/2019 tanggal 28 Juni 2019;2019;https://drive.google.com/file/d/14iN0bpX71DKZBD2Yls0wV-tDnGePI7sd/view?usp=drive_link;;;;Swasta;;;
32;PT. Bakas Aneka Citra Wisata Tirta (Bali Elephant Tour);pt._bakas_aneka_citra_wisata_tirta_(bali_elephant_tour);Bali;Jl. Bakas, Bakas, Banjarangkan, Bali;Bali;Kabupaten Klungkung;Bakas;Banjarangkan;80752;Taman Satwa;Keputusan Menteri Kehutanan No.607/Kpts-II/2009 tanggal 5 Oktober 2009;2009;https://drive.google.com/file/d/10SIkVoAp_LQKQaR6hXjGtLNc-ptxJQoN/view?usp=drive_link;B;2012;;Swasta;;;
33;PT. Batu Payung Indah;pt._batu_payung_indah;Kalimantan Barat;Dusun Teluk Suak Karimunting, Kecamatan Sungai Raya Kepulauan, Kabupaten Bengkayang, Provinsi Kalimantan Barat;Kalimantan Barat;Kabupaten Bengkayang;Karimunting;Sungai Raya Kepulauan;79273;Kebun Binatang;Keputusan Menteri Kehutanan No.298/Menhut-IV/2008 tanggal 1 September 2008;2008;https://drive.google.com/file/d/10g2KFA1jWzsDkAqyFRPQQpgjjSY7X0bu/view?usp=drive_link;;;;Swasta;;;
34;PT. Bintang Fauna dan Flora Indonesia (Lombok Wildlife Park);pt._bintang_fauna_dan_flora_indonesia_(lombok_wildlife_park);Nusa Tenggara Barat;Dusun Sanggar Sari Kawasan Wisata Desa Sigar Penyalin, Kecamatan Tanjung, Kabupaten Lombok Utara, Provinsi Nusa Tenggara Barat;Nusa Tenggara Barat;Kabupaten Lombok Utara;Sigar Penjalin;Tanjung;83350;Taman Satwa;Keputusan Kepala BKPM No.3/1/ILK/PMDN/2015 tanggal 23 Oktober 2015;2015;https://drive.google.com/file/d/10m-rkijLgHQcZB1TqO5XdanPdTB6t-Hs/view?usp=drive_link;;;;Swasta;;;
35;PT. Bumi Kedaton;pt._bumi_kedaton;Lampung;Jalan Wan Abdurrahman Tanjung Ale di Kelurahan Batu Putu, Kecamatan Teluk Betung Utara, Bandar Lampung;Lampung;Kota Bandar Lampung;Batu Putuk;Telukbetung Utara;35239;Taman Satwa;Keputusan Menter Kehutanan No.252/Menhut-II/2006 tanggal 30 November 2006;2006;https://drive.google.com/file/d/10sCQmAt8hT3v8k5RA_NtVs4RFJ7t3NOg/view?usp=drive_link;Pre-assessment;2013;;Swasta;;;
36;PT. Bumi Lamongan Sejati (Maharani Zoo);pt._bumi_lamongan_sejati_(maharani_zoo);Jawa Timur ;JL Raya Paciran, 62264, Sedayulawas, Brondong, Kabupaten Lamongan, Jawa Timur 62264;Jawa Timur ;Kabupaten Lamongan;Paciran;Paciran;62264;Taman Satwa;Keputusan Menteri Kehutanan No.448/Menhut-II/2008 tanggal 2 Desember 2008;2008;https://drive.google.com/file/d/10vPJj2_WVl8tHlBQWf86SYbp1b8zZMva/view?usp=drive_link;B;2011;;Swasta;;;
37;PT. Bumi Lestari Utama (Taman Satwa Tabanan/TASTA);pt._bumi_lestari_utama_(taman_satwa_tabanan/tasta);Bali;Br.Tegeh, Angseri, Kec. Baturiti, Kabupaten Tabanan, Bali;Bali;Kabupaten Tabanan;Angseri;Baturiti;82191;Taman Satwa;Keputusan Menteri LHK No.85/Menlhk/Setjen/KSA.2/2/2020 tanggal 4 Februari 2020;2020;https://drive.google.com/file/d/10w72XKyChsuvTmqmlTtQedeQ7i2GA2S8/view?usp=drive_link;C;2023;S.1411/KSDAE/KKHSG/KSA.2/12/2024 tanggal 27 Desember 2023;Swasta;;;
38;PT. Bunga Wangsa Sedjati (Jatim Park);pt._bunga_wangsa_sedjati_(jatim_park);Jawa Timur ;Jl. Oro Oro Ombo No. 9, Kelurahan Sisir, Kecamatan Batu, Kota Batu, Provinsi Jawa Timur;Jawa Timur ;Kota Batu;Sisir;Batu ;65314;Taman Satwa;SK Menhut No. 398/Menhut-II/2003 tgl 4 Desember 2003 jo No.90/Menhut-IV/2010 tgl 19 Februari 2010;2003;https://drive.google.com/file/d/10wd5WX6WpClKm_KBUsp4_NcA8VpE7woY/view?usp=drive_link;B;2023;S.1409/KSDAE/KKHSG/KSA.2/12/2024 tanggal 27 Desember 2023;Swasta;Rio Imam Sendjojo, B. Com;;
39;PT. Burung Prima Perkasa;pt._burung_prima_perkasa;Jawa Barat;Desa Tangkil, Kecamatan Caringin, Kabupaten Bogor, Jawa  Barat;Jawa Barat;Kabupaten Bogor;Tangkil;Caringin;16730;Taman Satwa;Keputusan Kepala BKPM RI Nomor: SK.457/1/KLHK/2020 tanggal 8 Desember 2020;2020;https://drive.google.com/file/d/1Bt0oyNN97mWbwULJlMgXIoTBtHbAZQja/view?usp=drive_link;;;;Swasta;;;
40;PT. Cagar Alam Cikao;pt._cagar_alam_cikao;Jawa Barat;Desa Cisalada, Kecamatan Jatiluhur, Kabupaten Purwakarta, Jawa Barat;Jawa Barat;Kabupaten Purwakarta;Cisalada;Jatiluhur;;Taman Satwa;Keputusan Kepala BKPM RI Nomor: SK.236/1/KLHK/2020 tanggal 7 September 2020;2020;https://drive.google.com/file/d/1BmmW4Wgd8gT_NpHkYhrSNOsag4C4wdnT/view?usp=drive_link;;;;Swasta;;;
41;PT. Fajar Agung Sumut (R Zoo);pt._fajar_agung_sumut_(r_zoo);Sumatera Utara;Desa Bengabing, Kecamatan Pegajahan, Kabupaten Serdang, Sumatera Utara;Sumatera Utara;Kabupaten Serdang;Bengabing;Pegajahan;;Taman Satwa;keputusan Menteri LHK No.653/Menlhk/Setjen/KSA.2/8/2019 tanggal 30 Agustus 2019;2019;https://drive.google.com/file/d/1128Fj7L_5cBcvek2TMcX6xqRyZqb8g7k/view?usp=drive_link;;;;Swasta;;;
42;PT. Fauna Land Ancol;pt._fauna_land_ancol;DKI Jakarta;Kawasan Wisata Ecopark, Jalan Lodan Raya, Ancol, Kecamatan Pademangan, Jakarta Utara;DKI Jakarta;Kota Jakarta Utara;Ancol;Pademangan;14430;Taman satwa;Keputusan Kepala BKPM No.1/1/ILK/PMA/2016 tanggal 13 April 2016;2016;https://drive.google.com/file/d/1C3ZpEowmaqG6KEMFg2dc_vkm-NexYflD/view?usp=drive_link;;;;Swasta;;;
43;PT. Fortuna Sinar Suropati (Taman Ria Suropati);pt._fortuna_sinar_suropati_(taman_ria_suropati);Jawa Timur ;Dusun Ranggeh Timur, RT/RW 002/001, Desa Ranggeh, Kecamatan Gondang Wetan, Kabupaten Pasuruan, Jawa Timur;Jawa Timur ;Kabupaten Pasuruan;Ranggeh;Gondang Wetan;67174;Taman satwa;Keputusan Kepala BKPM No.1/1/ILK/PMDN/2018 tanggal 8 Mei 2018;2018;https://drive.google.com/file/d/1182lxCZ8u5RH2aKoGzJoWaA6fMPLgCm5/view?usp=drive_link;;;;Swasta;;;
44;PT. Galatta Lestarindo (Central Park Zoo & Resort);pt._galatta_lestarindo_(central_park_zoo_&_resort);Sumatera Utara;Jalan Jamin Ginting KM.20, Desa Sugau, Kecamatan Pancurbatu, Kabupaten Deli Serdang, Provinsi Sumatera Utara;Sumatera Utara;Kabupaten Deli Serdang;Sugau;Pancurbatu;20353;Taman satwa;Keputusan Kepala BKPM No.4/1/ILK/PMDN/2017 tanggal 18 Agustus 2017;2017;https://drive.google.com/file/d/145u6tn-W_rXVyQpwZTgKgE0SwtzmTZeA/view?usp=drive_link;;;;Swasta;Marthin Luther Sibarani;Keputusan Direktur Jenderal KSDAE Nomor SK.36/KSDAE/SET.3/KSA.2/2/2022 tentang Persetujuan Perolehan Satwa Liar Untuk Lembaga Konservasi Kepada PT. Gallata Lestarindo di Kabupaten Deli Serdang Provinsi Sumatera Utara;1.Nota Kesepahaman Antara Unit Pengelola Taman Margasatwa Ragunan dengan Lembaga Konservasi PT. Galatta Lestarindo Nomor 236/-1.854 dan Nomor 125/GL/M/II/2021 tanggal 22 Februari 2021 2.Perjanjian Kerja Sama Antara Taman Margasatwa Ragunan dengan Lembaga Konservasi PT. Galatta Lestarindo Nomor 237/-1.854 dan Nomor 126/GL/M/II/2021 tanggal 22 Februari 2021 Mengenai Hibah Satwa
45;PT. Hotel Candi Baru (Agrowisata Sido Muncul);pt._hotel_candi_baru_(agrowisata_sido_muncul);Jawa Tengah;Jl. Rinjani Gajah Mungkur Semarang / Jl. Soekarno-Hatta Km. 28 Ds. Diwak, Kec. Bergas, Kab. Semarang;Jawa Tengah;Kabupaten Semarang;Diwak;Bergas;;Taman Satwa;Keputusan Menteri Kehutanan No.564/Menhut-II/2011 tanggal 30 September 2011;2011;https://drive.google.com/file/d/11BL39kj5LGdCqTjrSD8OqsgitaUzk-nl/view?usp=drive_link;;;;Swasta;;;
46;PT. Hotel Pohon (Lembang Park and Zoo);pt._hotel_pohon_(lembang_park_and_zoo);Jawa Barat;Kolonel Masturi No.171, Sukajaya, Lembang, Kabupaten Bandung Barat, Jawa Barat 40391;Jawa Barat;Kabupaten Bandung;Sukajaya;Lembang;40391;Taman satwa;Keputusan Menteri LHK No.262/Menlhk/Setjen/KSA.2/4/2019 tanggal 2 April 2019;2019;https://drive.google.com/file/d/1Bx-S_5YNAiVeGhUEWSTpEDlmb1TSwype/view?usp=drive_link;B;2022;S.1508/KSDAE/KKHSG/KSA.2/12/2022 tanggal 30 Desember 2022;Swasta;;;
47;PT. Jaya Real Property, Tbk;pt._jaya_real_property,_tbk;Banten;Mall Bintaro Jaya Xchange 2 CBD, Bintaro Jaya Blok O, Kelurahan Pondok Jaya, Kecamatan Pondok Aren, Kota Tangerang Selatan, Provinsi Banten;Banten;Kota Tangerang Selatan;Pondok Jaya;Pondok Aren;;Taman Satwa;Keputusan Menteri Investasi/Kepala BKPM a.n Menteri LHK Nomor 81201181507590049 tanggal 19 Januari 2023;2023;https://drive.google.com/file/d/13C8qTAwhuImyW8VqgnAoPRHfJxSojvV5/view?usp=drive_link;;;;Swasta;Trisna Muliadi;;
48;PT. Kasianan (Bali Elephant Camp);pt._kasianan_(bali_elephant_camp);Bali;Jl. Tukad Ayung Xi, Carangsari, Petang, Badung Regency, Bali;Bali;Kabupaten Badung;Carangsari;Petang;;Taman Satwa;Keputusan Menteri Kehutanan No.336/Kpts-II/2003 tanggal 1 Oktober 2003 jo No.60/Menhut-II/2007 tanggal 22 Februari 2007;2003;https://drive.google.com/file/d/11Gxm409jOYrkZrPN6scty35xb2Kh2YnQ/view?usp=drive_link;B;2012;;Swasta;;;
49;PT. Kupu-Kupu Taman Lestari (Balitopia Butterfly Park);pt._kupu-kupu_taman_lestari_(balitopia_butterfly_park);Bali;Saba, Kec. Blahbatuh, Kab. Gianyar, Bali;Bali;Kabupaten Gianyar;Saba;Blahbatuh;;Taman Satwa Khusus;Keputusan Menteri Kehutanan No.222/Menhut-II/2012 tanggal 4 Mei 2012;2012;https://drive.google.com/file/d/11R9X-Un7zEW_pYHbbk-o1ZHk49nMbOwi/view?usp=drive_link;C;2013;;Swasta;;;
50;PT. Lembah Hijau;pt._lembah_hijau;Lampung;Jalan Radin Imba Kesumaratu No.21 Sukadanaham, Kecamatan Tj. Karang Barat, Kota Bandar Lampung, Lampung;Lampung;Kota Bandar Lampung;Sukadana Ham;Tanjung Karang Barat;;Taman Satwa;Keputusan Menteri Kehutanan No.463/Menhut-II/2010 tanggal 18 Agustus 2010;2010;https://drive.google.com/file/d/11Zu_NA84EFNqMBgnTPL4SqMiUVK6lE-5/view?usp=drive_link;C;2023;S.1406/KSDAE/KKHSG/KSA.2/12/2024 tanggal 27 Desember 2023;Swasta;M. Irwan Nasution;;
51;PT. Mirah Megah Wisata (Gowa Discovery Park);pt._mirah_megah_wisata_(gowa_discovery_park);Sulawesi Selatan;Jalan Tumanurung Benteng, Barombong, Kec. Somba Opu, Kab. Gowa 90225;Sulawesi Selatan;Kabupaten Gowa;Barombong;Somba Opu;90225;Taman Satwa;Keputusan Kepala BKPM No.2/1/ILK/PMDN/2015 Tanggal 2 Maret 2015;2015;;C;2015;;Swasta;;;
52;PT. nDayu Alam Asri;pt._ndayu_alam_asri;Jawa Tengah;Gembong RT. 08/IV, Desa Saradan, Kec. Karangmalang, Kab. Sragen;Jawa Tengah;Kabupaten Sragen;Saradan;Karangmalang;;Taman Satwa;SK Menhut No.728/Menhut-II/2010 tgl 31 Desember 2010;2010;https://drive.google.com/file/d/11cIDdrdIQqwD5fZ0r2rZJtsuapBaYdqk/view?usp=drive_link;;;;Swasta;;;
53;PT. Nuansa Alam Nusantara;pt._nuansa_alam_nusantara;Sumatera Utara;Jalan Raya Sisingamangaraja, Kecamatan Padang Bolak, Kabupaten Padang Lawas Utara, Sumatera Utara;Sumatera Utara;Kabupaten Padang Lawas Utara;Pasar Gunung Tua;Padang Bolak;;Taman satwa;Keputusan Menteri LHK No.38/Menlhk/Setjen/KSA.2/1/2020 tanggal 15 Januari 2020;2020;https://drive.google.com/file/d/1DTXUjEVoUz8QvvLjSzlVxrYk7Yph8wFB/view?usp=drive_link;;;;Swasta;;;
54;PT. Orang Utan Haven;pt._orang_utan_haven;Sumatera Utara;Jalan Jamin Ginting KM.28.5, Desa Sugau, Kecamatan Pancurbatu, Kabupaten Deli Serdang, Provinsi Sumatera Utara;Sumatera Utara;Kabupaten Deli Serdang;Sugau;Pancur Batu;;Taman Satwa;Keputusan Menteri Investasi/Kepala BKPM a.n Menteri LHK No.91203141521170006 tanggal 18 Januari 2023;2023;https://drive.google.com/file/d/13E4JeUIWCWOgC_H1H_mzxnETTEZNbNhQ/view?usp=drive_link;;;;Swasta;Diana Kosmanto;;
55;PT. Piayu Samudera Loka;pt._piayu_samudera_loka;Riau;P. Mencaras dan P. Panjang Provinsi Daerah Tingkat I Riau;Riau;;;;;Taman Satwa Khusus;Keputusan Menteri Kehutanan No.379/Kpts-II/1999 tanggal 31 Mei 1999;1999;https://drive.google.com/file/d/11dlabgOycbkhCnUEl9aptwVXNT7YlIc1/view?usp=drive_link;Pre-assessment;2014;;Swasta;;;
56;PT. Piayu Samudra Bali;pt._piayu_samudra_bali;Bali;Jalan Tukad Punggawa Lingk. Br. Ponjok, Serangan, Denpasar, Bali;Bali;Kota Denpasar;Serangan;Denpasar Selatan;;Taman satwa;Keputusan Kepala BKPM No.1/1/ILK/PMA/2018 tanggal 26 Juni 2018;2018;https://drive.google.com/file/d/14YqTpN9a0HCOOij82BtpmWg7_kkPyuPY/view?usp=drive_link;;;;Swasta;;;
57;PT. Rimba Reptil International (Bali Reptile Park);pt._rimba_reptil_international_(bali_reptile_park);Bali;Jalan Serma Cok Ngurah Gambir Singapadu, Batubulan, Kec. Sukawati, Kabupaten Gianyar, Bali;Bali;Kabupaten Gianyar;Singapadu;Batubulan;80542;Taman satwa;Keputusan Kepala BKPM No.2/1/ILK/PMA/2016 tanggal 24 Agustus 2016;2016;https://drive.google.com/file/d/14H2QaOmOtzxZTSr1qexJi-owj-S2ziMD/view?usp=drive_link;;;;Swasta;;;
58;PT. Safari Lagoi Bintan;pt._safari_lagoi_bintan;Kepulauan Riau;Jl. Panglima Pantar, Lagoi Bintan Resort, Prov. Kepri;Kepulauan Riau;Kabupaten Bintan;Kota Baru;Teluk Sebong;;Taman safari;Keputusan Kepala BKPM No.1/1/ILK/PMDN/2015 tanggal 27 Februari 2016;2016;https://drive.google.com/file/d/14MWDDb9uzoE-_cibYroiGuiOLrMJBdr5/view?usp=drive_link;;;;Swasta;;;
59;PT. Samarinda Golden Prima;pt._samarinda_golden_prima;Kalimantan Timur;Jalan Danau Toba Nomor 11 A, Kelurahan Simpang Pasir, Kecamatan Palaran, Kota Samarinda, Provinsi Kalimantan Timur;Kalimantan Timur;Kota Samarinda;Simpang Pasir;Palaran;;Taman Satwa;Keputusan Menteri Kehutanan No.692/Menhut-II/2010 tanggal 15 Desember 2010;2010;https://drive.google.com/file/d/11w_pY8D0c2VcnygtpmKFbB95bpS74j-Z/view?usp=drive_link;;;;Swasta;;;
60;PT. Satwa Gunung Bayan Lestari;pt._satwa_gunung_bayan_lestari;Kalimantan Timur;Desa Umaq Dian, Kecamatan Tabang, Kabupaten Kutai Kartanegara, Provinsi Kalimantan Timur;Kalimantan Timur;Kabupaten Kutai Kartanegara;Umaq Dian;Tabang;;Taman Satwa;Keputusan Menteri Kehutanan No.360/Menhut-II/2009 tanggal 22 Juni 2009 jo Keputusan Menteri LHK No.1029/Menlhk/Setjen/KSA.2/12/2019 tanggal 3 Desember 2019;2009;https://drive.google.com/file/d/1CbXjW_2Es_4RZyln8ogt0atonm5_kZM4/view?usp=drive_link;B;2023;S.1410/KSDAE/KKHSG/KSA.2/12/2024 tanggal 27 Desember 2023;Swasta;;;
61;PT. Segara Alunan Bayu Ayu (SABA/Balitofia and Flamingo Beach Club Gianyar));pt._segara_alunan_bayu_ayu_(saba/balitofia_and_flamingo_beach_club_gianyar));Bali;Jl. Pantai Saba, Pering, Kec. Blahbatuh, Kabupaten Gianyar, Bali;Bali;Kabupaten Gianyar;Pering;Blahbatuh;;Taman satwa;Keputusan Menteri LHK No.86/Menlhk/Setjen/KSA.2/2/2020 tanggal 4 Februari 2020;2020;https://drive.google.com/file/d/11zKDPWLuF95QeqiqIMNjmQnecmLng4Iw/view?usp=drive_link;;;;Swasta;;;
62;PT. Suaka Alam Satwa;pt._suaka_alam_satwa;Jawa Barat;Desa Cibereum RT 01 RW 09, Kec. Cisarua, Kab. Bogor;Jawa Barat;Kabupaten Bogor;Cibereum;Cisarua;;Taman Satwa;Keputusan Kepala BKPM a.n Menteri LHK No.20/1/KLHK/2020 tanggal 30 Maret 2020;2020;https://drive.google.com/file/d/1C4QHsWP5b-bqYaXn4gwVUgN8uIk7YhkH/view?usp=drive_link;;;;Swasta;;;
63;PT. Taman Benoa Eksotik;pt._taman_benoa_eksotik;Bali;Banjar Pesanggaran, Kelurahan/Desa Pedungan, Kecamatan Denpasar Selatan, Kota Denpasar;Bali;Kota Denpasar;Pedungan;Denpasar Selatan;;Taman Satwa;Keputusan Menteri LHK No.505/Menlhk/Setjen/KSA.2/8/2019 tanggal 1 Agustus 2019;2019;https://drive.google.com/file/d/14X09N5A-EVScKc_Fwd6tKd6jJuUdLGas/view?usp=drive_link;B ;2022;S.1505/KSDAE/KKHSG/KSA.2/12/2022 tanggal 30 Desember 2022;Swasta;;;
64;PT. Taman Burung Citra Bali Internasional (Bali Bird Park);pt._taman_burung_citra_bali_internasional_(bali_bird_park);Bali;Jalan Serma Cok Ngurah Gambir Singapadu, Batubulan, Kec. Sukawati, Kabupaten Gianyar, Bali;Bali;Kabupaten Gianyar;Singapadu;Sukawati;;Taman Satwa Khusus;Keputusan Menteri Kehutanan No.97/Menhut-II/2006 tanggal 11 April 2006 Keputusan Menteri Kehutanan Nomor: SK.323/Menhut II/2014 tanggal 27 Maret 2014;2006;https://drive.google.com/file/d/125dTHw-nlRdd_QErDl-qx5zfhvzFVpJV/view?usp=drive_link;B ;2022;S.1504/KSDAE/KKHSG/KSA.2/12/2022 tanggal 30 Desember 2022;Swasta;;;
65;PT. Taman Impian Jaya Ancol;pt._taman_impian_jaya_ancol;DKI Jakarta;Jalan Lodan Timur Nomor 7, Ancol, Jakarta Utara 14430;DKI Jakarta;Kota Jakarta Utara;Ancol;Pademangan;;Taman Satwa;Keputusan Menteri Kehutanan No.405/Menhut-II/2004 tanggal 18 Oktober 2004;2004;https://drive.google.com/file/d/127ByF25HidmQoGMnK-0urtmB6XznlIVf/view?usp=drive_link;A;2011;;Swasta;;;
66;PT. Taman Safari Indonesia IV (Batang Dolphin Center);pt._taman_safari_indonesia_iv_(batang_dolphin_center);Jawa Tengah;Pantai Sigandu, Desa Klidang Lor, Kec.Batang, Kab. Batang;Jawa Tengah;Kabupaten Batang;Klidang Lor;Batang;;Taman Satwa;Keputusan Menteri Kehutanan No.665/Menhut-II/2011 tanggal 24 November 2011;2011;https://drive.google.com/file/d/128s5qZ3VbGEgDO-ZvSNoTns9H3Dq7lf_/view?usp=drive_link;B ;2013;;Swasta;;;
67;PT. Taman Safari Indonesia I Cisarua;pt._taman_safari_indonesia_i_cisarua;Jawa Barat;Jl. Kapten Harun Kabir No.724, Cisarua - Bogor 16750;Jawa Barat;Kabupaten Bogor;Cibereum;Cisarua;;Kebun Binatang;Keputusan Menteri Kehutanan dan Perkebunan No.242/kpts-II/1999 tanggal 27 April 1999;1999;https://drive.google.com/file/d/12BguCAhrkY3vbIo3ImPYUz7m58vcaAFV/view?usp=sharing;A;2011;;Swasta;Frans Manansang;Keputusan Kepala BBKSDA Jawa Barat Nomor SK.43/K.1/BIDTEK.1/KSA/01/2023 tanggal 13 Januari 2023 tentang Izin Perolehan Spesimen Satwa Liar Yang Tidak Dilindungi Undang-Undang Untuk Lembaga Konservasi Kepada PT. Taman Safari Indonesia di Kecamatan Cisarua, Kabupaten Bogor, provinsi Jawa Barat;Perjanjian Kerja Sama Antara Taman Margasatwa Ragunan dengan Lembaga Konservasi Taman Safari Indonesia Nomor 1831/-1.854 dan Nomor 03/SPK-LKTSI/XXXV-XI/2021 tanggal 18 November 2021 mengenai Program Kerjasama Hibah Satwa
68;PT. Taman Safari Indonesia II (TSI Prigen);pt._taman_safari_indonesia_ii_(tsi_prigen);Jawa Timur ;Desa Jatiarjo, Kecamatan Prigen, Kab. Pasuruan, Jawa Timur | (0343) 7735000;Jawa Timur ;Kabupaten Pasuruan;Jatiarjo;Prigen;;Taman Safari;Keputusan Menteri Kehutanan No.243/Menhut-II/2007 tanggal 19 Juli 2007;2007;https://drive.google.com/file/d/12GIWXwKMYXOEYVa6N7tk-J4EEseS6NGN/view?usp=drive_link;A;2012;;Swasta;Lies Lies Yuwati, S.Par,. CHA., CHIA;;
69;PT. Taman Safari Indonesia III (Bali Safari and Marine Park);pt._taman_safari_indonesia_iii_(bali_safari_and_marine_park);Bali;Jalan Bypass Prof. Dr. Ida Bagus Mantra, Ds. Serongga, Kec. Gianyar, Kab. Gianyar, Prov. Bali;Bali;Kabupaten Gianyar;Serongga;Gianyar;;Taman Satwa;Keputusan Menteri Kehutanan No.38/Menhut-II/2008 tanggal 20 Februari 2008;2008;https://drive.google.com/file/d/12HslCKdSCbzUBTYE6wtB-jabYO7_LgnR/view?usp=drive_link;A;2011;;Swasta;Marcel Driessen;;
70;PT. Taman Satwa Semarang;pt._taman_satwa_semarang;Jawa Tengah;Jl. Urip Sumoharjo RW 001 Kelurahan Wonosari Kecamatan Ngaliyan Kota Semarang;Jawa Tengah;Kota Semarang;Wonosari;Ngaliyan;;Taman Satwa;Keputusan Kepala BKPM a.n Menteri LHK No.19/1/KLHK/2010 tanggal 24 Maret 2020;2020;https://drive.google.com/file/d/1Xpe_dnWpZLdU6klRRkMlJFQ0qXEJeqYY/view?usp=drive_link;;;;Swasta;;;
71;PT. Taman Sengkaling Indah;pt._taman_sengkaling_indah;Jawa Timur ;Jl. Raya Mulyo Agung nomor 188, Sengkaling Kec. Dau, Kab. Malang 65151 Telp. (0341) 462260, 463309, Fax. (0341) 463309;Jawa Timur ;Kabupaten Malang;Mulyoagung;Dau;;Kebun Binatang;Keputusan Kepala BKPM No.1/1/ILK-PB/PMDN/2017 tanggal 30 Januari 2017;2017;https://drive.google.com/file/d/14OK4xHejlsO8ub7Td9CkrPWTGHF7rD8e/view?usp=drive_link;;;;Swasta;;;
72;PT. Unitwin Indonesia (Taman Hewan Pematang Siantar);pt._unitwin_indonesia_(taman_hewan_pematang_siantar);Sumatera Utara;Jalan Kapten M.H Sitorus No.10, Kabupaten Pematang Siantar, Sumatera Utara;Sumatera Utara;Kabupaten Pematang Siantar;Timbang-galung;Siantar Barat;;Taman Satwa;Keputusan Menteri Kehutanan No.84/Menhut-II/2007 tanggal 15 Maret 2007;2007;https://drive.google.com/file/d/12PeK0uG4WszbEIQl422_iixlJLJJvQuZ/view?usp=drive_link;B;2011;;Swasta;;;
73;PT. Wersut Seguni Indonesia;pt._wersut_seguni_indonesia;Jawa Tengah;Ds. Sendang Sikucing, Kec. Rowosari Kendal Telp. (0294) 3645623;Jawa Tengah;Kabupaten Kendal;Sendang Sikucing;Rowosari;;Taman Satwa;Keputusan Menteri Kehutanan No.393/Menhut-II/2011 tanggal 21 Juli 2011;2011;https://drive.google.com/file/d/12jQsnE2ftDiwIiWUZNYjT9tIg_FOWG4H/view?usp=drive_link;B;2013;;Swasta;;;
74;PT. Wisata Sapta Pesona;pt._wisata_sapta_pesona;Jawa Barat;Jln. Raya Puncak RT.003 RW.004, Desa Cipayung Girang, Kecamatan Megamendung, Kabupaten Bogor, Provinsi Jawa Barat;Jawa Barat;Kabupaten Bogor;Cipayung Girang;Megamendung;;Taman Satwa;Perizinan Berusaha Berbasis Risiko Nomor 02200072101430002 tanggal 27 Maret 2023;2023;https://drive.google.com/file/d/13F-rQEnEnSITOtKObqiXvGKKgwDP2JaH/view?usp=drive_link;;;;Swasta;Wenzel Sutantio;;
75;PT. Wisatareksa Gajah Perdana (Taro Elephant Safari Park);pt._wisatareksa_gajah_perdana_(taro_elephant_safari_park);Bali;Desa Taro, Ubud, Kabupaten Gianyar, Bali;Bali;Kabupaten Gianyar;Taro;Ubud;;Taman Satwa Khusus;Keputusan Menteri Kehutanan No.276/Menhut-II/2004 tanggal 2 Agustus 2004;2004;https://drive.google.com/file/d/12uApDFWvVExSSMj3TvbC_0kTgOtWq6sD/view?usp=drive_link;B;2011;;Swasta;;;
76;UPT. Informasi dan Pendidikan Lingkungan Hidup,  BLH Probolinggo (TWSL Probolinggo);upt._informasi_dan_pendidikan_lingkungan_hidup,__blh_probolinggo_(twsl_probolinggo);Jawa Timur ;Jl. Basuki Rahmat No.62, Kota Probolinggo, Provinsi Jawa Timur;Jawa Timur ;Kota Probolinggo;Mangunharjo;Mayangan;;Taman Satwa;Keputusan Menteri Kehutanan No.527/Menhut-II/2010 tanggal 27 September 2010;2010;https://drive.google.com/file/d/12uBokjpq8d9aU-Dj_gWMMw5kBF5r7zpM/view?usp=drive_link;;;;Pemda;;;
77;UPTD. Wahana Wisata Sawahlunto (Kandi Sawahlunto);uptd._wahana_wisata_sawahlunto_(kandi_sawahlunto);Sumatera Barat;Jl. Dt. Nan Sambilan, Kolok NanTuo, Barangin, Sijantang Koto, Talawi, Sawahlunto, Sumatera Barat. 27427, Indonesia.;Sumatera Barat;Kota Sawahlunto;Kolok Nan Tuo;Barangin;27427;Taman Satwa;Keputusan Menteri Kehutanan No.168/Menhut-II/2010 tanggal 1 April 2010;2010;https://drive.google.com/file/d/12Ts8iZTh6RbzzKyKGOa_PxAujX3UUbK7/view?usp=drive_link;B;2012;;Pemda;;;
78;"Yayasan ""Rahmat"" International Wildlife Museum and Gallery (Museum Rahmat Gallery)";"yayasan_""rahmat""_international_wildlife_museum_and_gallery_(museum_rahmat_gallery)";Sumatera Utara;Jl. S. Parman No. 309 Kel. Petisah Hulu  Kec. Medan Baru Kota Medan  Sumatera Utara 20152;Sumatera Utara;Kota Medan;Petisah Hulu;Medan Baru;;Museum Zoologi;Keputusan Menteri Kehutanan No.524/Kpts-II/2006 tanggal 30 November 2006;2006;https://drive.google.com/file/d/12v70EjPkccssCOwHrrzHHZODgjqN2Cij/view?usp=drive_link;B;2011;;Swasta;;;
79;Yayasan Bina Wisata dan Margasatwa Kasang Kulim Riau;yayasan_bina_wisata_dan_margasatwa_kasang_kulim_riau;Riau;Jl. H.Usman No.01, Kubang Jaya Kab. Kampar Prov. Riau;Riau;Kabupaten Kampar;Kubang Jaya;Siak Hulu;;Kebun Binatang;Keputusan Menteri Kehutanan dan Perkebunan No.250/Kpts-II/1999 Tanggal 28 April 1999;1999;https://drive.google.com/file/d/12zPlrqaRl22s6u6Acw-mQwTeVTZracVx/view?usp=drive_link;;;;Swasta;;;
80;Yayasan Lembaga Konservasi Flora dan Fauna Jhonlin Lestari;yayasan_lembaga_konservasi_flora_dan_fauna_jhonlin_lestari;Kalimantan Selatan;Jl. Kodeco Raya KM. 2 Desa Gunung Antasari Kecamatan Simpang Empat Kabupaten Tanah Bumbu;Kalimantan Selatan;Kabupaten Tanah Bumbu;Gunung Antasari;Simpang Empat;;Taman Satwa;Keputusan Menteri Kehutanan No.729/Menhut-II/2011 tanggal 21 Desember 2011;2011;https://drive.google.com/file/d/13-27oiB1mmyjmbUFdMGkBueX4Zs2373l/view?usp=drive_link;;;;Swasta;;;
81;Yayasan Mardi Wiyata;yayasan_mardi_wiyata;Jawa Timur ;Jalan Karang Widoro No.7, Karangwidoro, Dau, Malang, Jawa Timur 65146;Jawa Timur ;Kabupaten Malang;Karangwidoro;Dau;;Museum Zoologi;Keputusan Menteri Kehutanan No.526/Menhut-II/2006 tanggal 30 November 2006;2006;https://drive.google.com/file/d/132YhkBObi5EEdhcjidStpTZKJIe2gdJh/view?usp=drive_link;;;;Swasta;;;
82;Yayasan Margasatwa Tamansari Bandung Zoological Garden (Bandung Zoo);yayasan_margasatwa_tamansari_bandung_zoological_garden_(bandung_zoo);Jawa Barat;Jl. Kebun Binatang No 6, Siliwangi, Kecamatan Coblong, Kota Bandung, Jawa Barat 40132;Jawa Barat;Kota Bandung;Lebak Siliwangi;Coblong;40132;Kebun Binatang;Keputusan Menteri Kehutanan No.357/Kpts-II/2003 tanggal 27 Oktober 2003;2003;https://drive.google.com/file/d/137590Tk2EmELdkSXp1Ns1apba36n__Oq/view?usp=drive_link;B;2011;;Swasta;;;
83;PT. Aviary Jaya Lestari;pt._aviary_jaya_lestari;Banten;Kebayoran Arcade 5 F3 No 9, Jl. Boulevard Bintaro Jaya Sektor 7, Desa/Kelurahan Pondok Jaya, Kec. Pondok Aren, Tangerang Selatan, Banten Bintaro Creative Village Bintaro Jaya Sektor 3A, Pondok Ranji, Tangerang Selatan;Banten;Kota Tangerang Selatan;Pondok Jaya;Pondok Aren;;Taman Satwa;Perizinan Berusaha Berbasis Risiko Nomor 12450006238540008 tanggal 19 Maret 2024;2024;https://drive.google.com/file/d/1Ny4TfjwNjbo-c6uU_Pek1HS3my4GBFG-/view?usp=drive_link;;;;Swasta;;;
84;PT. Jaya Multi Zaman;pt._jaya_multi_zaman;Jawa Timur ;Jl. Brawijaya Komplek Redjo Agung, Desa/Kelurahan Mangil, Kec. Kaliwates, Kab. Jember, Provinsi Jawa Timur;Jawa Timur ;Kabupaten Jember;Mangil;Kaliwates;;Taman Satwa;Perizinan Berusaha Berbasis Risiko Nomor 1239000303410003 tanggal 11 Juni 2024;2024;https://drive.google.com/file/d/1Xianfw6dr0O9nvsagtX9MOwCcjjg9Zvg/view?usp=drive_link;;;;Swasta;;;
85;PT. Pantai Indah Batu Bedaun;pt._pantai_indah_batu_bedaun;Kepulauan Bangka Belitung;Kantor: Jalan Batu Bedaun, Kab. Bangka, Provinsi Kepulauan Bangka Belitung LK: Jl. Kampung Kualo, Kel. Matras, Kec. Sungailiat, Kab. Bangka, Provinsi Kepulauan Bangka Bleitung;Kepulauan Bangka Belitung;Kabupaten Bangka;Matras;Sungailiat;;Taman Satwa;Perizinan Berusaha Berbasis Risiko Nomor 81200142709460004 tanggal 6 September 2024;2024;https://drive.google.com/file/d/1CCMvm5APNGI3ZtkXSpICbDY5g2j2iI4j/view?usp=drive_link;;;;Swasta;;;
